"filename", "language", "JSON", "JavaScript", "CSS", "XML", "Properties", "Markdown", "comment", "blank", "total"
"c:\Users\Sumit\Documents\sumitu\my-store\README.md", "Markdown", 0, 0, 0, 0, 0, 38, 0, 33, 71
"c:\Users\Sumit\Documents\sumitu\my-store\package-lock.json", "JSON", 17499, 0, 0, 0, 0, 0, 0, 1, 17500
"c:\Users\Sumit\Documents\sumitu\my-store\package.json", "JSON", 46, 0, 0, 0, 0, 0, 0, 1, 47
"c:\Users\Sumit\Documents\sumitu\my-store\public\index.html", "CSS", 0, 0, 44, 0, 0, 0, 0, 5, 49
"c:\Users\Sumit\Documents\sumitu\my-store\public\manifest.json", "JSON", 25, 0, 0, 0, 0, 0, 0, 1, 26
"c:\Users\Sumit\Documents\sumitu\my-store\server\index.js", "JavaScript", 0, 0, 0, 0, 0, 0, 0, 1, 1
"c:\Users\Sumit\Documents\sumitu\my-store\server\package-lock.json", "JSON", 17990, 0, 0, 0, 0, 0, 0, 1, 17991
"c:\Users\Sumit\Documents\sumitu\my-store\server\package.json", "JSON", 19, 0, 0, 0, 0, 0, 0, 1, 20
"c:\Users\Sumit\Documents\sumitu\my-store\src\App.css", "CSS", 0, 0, 126, 0, 0, 0, 11, 20, 157
"c:\Users\Sumit\Documents\sumitu\my-store\src\App.js", "JavaScript", 0, 74, 0, 0, 0, 0, 2, 7, 83
"c:\Users\Sumit\Documents\sumitu\my-store\src\App.test.js", "JavaScript", 0, 7, 0, 0, 0, 0, 0, 2, 9
"c:\Users\Sumit\Documents\sumitu\my-store\src\api.js", "JavaScript", 0, 12, 0, 0, 0, 0, 0, 1, 13
"c:\Users\Sumit\Documents\sumitu\my-store\src\components\AboutUs.js", "JavaScript", 0, 10, 0, 0, 0, 0, 0, 3, 13
"c:\Users\Sumit\Documents\sumitu\my-store\src\components\Cart.css", "CSS", 0, 0, 107, 0, 0, 0, 13, 18, 138
"c:\Users\Sumit\Documents\sumitu\my-store\src\components\Cart.js", "JavaScript", 0, 111, 0, 0, 0, 0, 4, 13, 128
"c:\Users\Sumit\Documents\sumitu\my-store\src\components\CategorySection.css", "CSS", 0, 0, 18, 0, 0, 0, 0, 3, 21
"c:\Users\Sumit\Documents\sumitu\my-store\src\components\CategorySection.js", "JavaScript", 0, 21, 0, 0, 0, 0, 0, 4, 25
"c:\Users\Sumit\Documents\sumitu\my-store\src\components\Header.css", "CSS", 0, 0, 116, 0, 0, 0, 12, 20, 148
"c:\Users\Sumit\Documents\sumitu\my-store\src\components\Header.js", "JavaScript", 0, 90, 0, 0, 0, 0, 0, 13, 103
"c:\Users\Sumit\Documents\sumitu\my-store\src\components\Home.css", "CSS", 0, 0, 63, 0, 0, 0, 2, 11, 76
"c:\Users\Sumit\Documents\sumitu\my-store\src\components\Home.js", "JavaScript", 0, 54, 0, 0, 0, 0, 0, 6, 60
"c:\Users\Sumit\Documents\sumitu\my-store\src\components\Payment.css", "CSS", 0, 0, 79, 0, 0, 0, 9, 13, 101
"c:\Users\Sumit\Documents\sumitu\my-store\src\components\Payment.js", "JavaScript", 0, 88, 0, 0, 0, 0, 1, 16, 105
"c:\Users\Sumit\Documents\sumitu\my-store\src\components\Product.css", "CSS", 0, 0, 71, 0, 0, 0, 0, 15, 86
"c:\Users\Sumit\Documents\sumitu\my-store\src\components\Product.js", "JavaScript", 0, 58, 0, 0, 0, 0, 0, 9, 67
"c:\Users\Sumit\Documents\sumitu\my-store\src\components\ProductDetail.js", "JavaScript", 0, 38, 0, 0, 0, 0, 0, 7, 45
"c:\Users\Sumit\Documents\sumitu\my-store\src\components\ProductSection.css", "CSS", 0, 0, 34, 0, 0, 0, 0, 5, 39
"c:\Users\Sumit\Documents\sumitu\my-store\src\components\ProductSection.js", "JavaScript", 0, 25, 0, 0, 0, 0, 0, 4, 29
"c:\Users\Sumit\Documents\sumitu\my-store\src\components\Profile.css", "CSS", 0, 0, 20, 0, 0, 0, 0, 4, 24
"c:\Users\Sumit\Documents\sumitu\my-store\src\components\Profile.js", "JavaScript", 0, 52, 0, 0, 0, 0, 0, 8, 60
"c:\Users\Sumit\Documents\sumitu\my-store\src\components\Service.css", "CSS", 0, 0, 96, 0, 0, 0, 9, 16, 121
"c:\Users\Sumit\Documents\sumitu\my-store\src\components\Service.js", "JavaScript", 0, 62, 0, 0, 0, 0, 2, 10, 74
"c:\Users\Sumit\Documents\sumitu\my-store\src\components\ServiceProviderRegistration.css", "CSS", 0, 0, 102, 0, 0, 0, 14, 15, 131
"c:\Users\Sumit\Documents\sumitu\my-store\src\components\ServiceProviderRegistration.js", "JavaScript", 0, 54, 0, 0, 0, 0, 0, 8, 62
"c:\Users\Sumit\Documents\sumitu\my-store\src\components\SidePanel.css", "CSS", 0, 0, 51, 0, 0, 0, 6, 9, 66
"c:\Users\Sumit\Documents\sumitu\my-store\src\components\SidePanel.js", "JavaScript", 0, 37, 0, 0, 0, 0, 0, 5, 42
"c:\Users\Sumit\Documents\sumitu\my-store\src\components\SignIn.css", "CSS", 0, 0, 79, 0, 0, 0, 4, 13, 96
"c:\Users\Sumit\Documents\sumitu\my-store\src\components\SignIn.js", "JavaScript", 0, 48, 0, 0, 0, 0, 0, 7, 55
"c:\Users\Sumit\Documents\sumitu\my-store\src\components\SignUp.css", "CSS", 0, 0, 68, 0, 0, 0, 2, 11, 81
"c:\Users\Sumit\Documents\sumitu\my-store\src\components\SignUp.js", "JavaScript", 0, 66, 0, 0, 0, 0, 0, 8, 74
"c:\Users\Sumit\Documents\sumitu\my-store\src\index.css", "CSS", 0, 0, 12, 0, 0, 0, 0, 2, 14
"c:\Users\Sumit\Documents\sumitu\my-store\src\index.js", "JavaScript", 0, 12, 0, 0, 0, 0, 3, 3, 18
"c:\Users\Sumit\Documents\sumitu\my-store\src\logo.svg", "XML", 0, 0, 0, 1, 0, 0, 0, 0, 1
"c:\Users\Sumit\Documents\sumitu\my-store\src\reportWebVitals.js", "JavaScript", 0, 12, 0, 0, 0, 0, 0, 2, 14
"c:\Users\Sumit\Documents\sumitu\my-store\src\setupTests.js", "JavaScript", 0, 1, 0, 0, 0, 0, 4, 1, 6
"c:\Users\Sumit\Documents\sumitu\package-lock.json", "JSON", 1760, 0, 0, 0, 0, 0, 0, 1, 1761
"c:\Users\Sumit\Documents\sumitu\package.json", "JSON", 22, 0, 0, 0, 0, 0, 0, 1, 23
"c:\Users\Sumit\Documents\sumitu\server\.env", "Properties", 0, 0, 0, 0, 5, 0, 0, 2, 7
"c:\Users\Sumit\Documents\sumitu\server\models\Cart.js", "JavaScript", 0, 14, 0, 0, 0, 0, 0, 3, 17
"c:\Users\Sumit\Documents\sumitu\server\models\Employee.js", "JavaScript", 0, 7, 0, 0, 0, 0, 0, 2, 9
"c:\Users\Sumit\Documents\sumitu\server\models\Product.js", "JavaScript", 0, 8, 0, 0, 0, 0, 0, 3, 11
"c:\Users\Sumit\Documents\sumitu\server\models\Purchase.js", "JavaScript", 0, 9, 0, 0, 0, 0, 0, 3, 12
"c:\Users\Sumit\Documents\sumitu\server\models\ServiceProvider.js", "JavaScript", 0, 56, 0, 0, 0, 0, 0, 3, 59
"c:\Users\Sumit\Documents\sumitu\server\package-lock.json", "JSON", 2466, 0, 0, 0, 0, 0, 0, 1, 2467
"c:\Users\Sumit\Documents\sumitu\server\package.json", "JSON", 23, 0, 0, 0, 0, 0, 0, 1, 24
"c:\Users\Sumit\Documents\sumitu\server\routes\purchase.js", "JavaScript", 0, 18, 0, 0, 0, 0, 1, 6, 25
"c:\Users\Sumit\Documents\sumitu\server\server.js", "JavaScript", 0, 235, 0, 0, 0, 0, 21, 56, 312
"Total", "-", 39850, 1279, 1086, 1, 5, 38, 120, 438, 42817